Workbook

Sheet 4.1
A1: Административная единица | B1: Численность населения
B2: Мужчины | C2: Женщины
A3: Абай | B3: 297924 | C3: 309665
A4: Акмолинская | B4: 385950 | C4: 402026
A5: Актюбинская | B5: 461159 | C5: 478246
A6: Алматинская | B6: 765845 | C6: 765322
A7: Атырауская | B7: 347856 | C7: 356218
A8: Западно-Казахстанская | B8: 339125 | C8: 354136
A9: Жамбылская | B9: 607171 | C9: 615422
A10: Жетісу | B10: 345053 | C10: 352934
A11: Карагандинская | B11: 543847 | C11: -543847
A12: Костанайская | B12: 401605 | C12: -401605
A13: Кызылординская | B13: 423160 | C13: -423160
A14: Мангистауская | B14: 391386 | C14: -391386
... A23: Республика Казахстан | B23: 1812147 | C23: 5371905

Sheet 4.2
A1: Административная единица | B1: Численность мужского населения | C1: Численность женского населения | D1: Общая численность населения
A2: Абай | B2: 297924 | C2: 309665 | D2: ='4.2'!$C2+'4.2'!$B2 -> 607589
A3: Акмолинская | B3: 385950 | C3: 402026 | D3: ='4.2'!$C3+'4.2'!$B3 -> 787976
A4: Актюбинская | B4: 461159 | C4: 478246 | D4: ='4.2'!$C4+'4.2'!$B4 -> 939405
A5: Алматинская | B5: 765845 | C5: 765322 | D5: ='4.2'!$C5+'4.2'!$B5 -> 1531167
A6: Атырауская | B6: 347856 | C6: 356218 | D6: ='4.2'!$C6+'4.2'!$B6 -> 704074
A7: Западно-Казахстанская | B7: 339125 | C7: 354136 | D7: ='4.2'!$C7+'4.2'!$B7 -> 693261
A8: Жамбылская | B8: 607171 | C8: 615422 | D8: ='4.2'!$C8+'4.2'!$B8 -> 1222593
A9: Жетісу | B9: 345053 | C9: 352934 | D9: ='4.2'!$C9+'4.2'!$B9 -> 697987
A10: Карагандинская | B10: 543847 | C10: 591504 | D10: ='4.2'!$C10+'4.2'!$B10 -> 1135351
A11: Костанайская | B11: 401605 | C11: 428379 | D11: ='4.2'!$C11+'4.2'!$B11 -> 829984
A12: Кызылординская | B12: 423160 | C12: 418769 | D12: ='4.2'!$C12+'4.2'!$B12 -> 841929
A13: Мангистауская | B13: 391386 | C13: 395451 | D13: ='4.2'!$C13+'4.2'!$B13 -> 786837
... A21: г.Шымкент | B21: 590462 | C21: 631604 | D21: ='4.2'!$C21+'4.2'!$B21 -> 1222066
A22: Итог | D22: =SUBTOTAL(109,'4.2'!$D$2:$D$21) -> 20033842

Sheet 4.3
A1: Месяц | B1: 2018 | C1: 2019 | D1: 2020 | E1: 2021 | F1: 2022 | G1: 2023
A2: Январь | B2: 46000 | C2: 91000 | D2: 68000 | E2: 91000 | F2: 72000 | G2: 14000
A3: Февраль | B3: 53000 | C3: 74000 | D3: 79000 | E3: 14000 | F3: 35000 | G3: 18000
A4: Март | B4: 68000 | C4: 33000 | D4: 88000 | E4: 83000 | F4: 34000 | G4: 74000
A5: Апрель | B5: 27000 | C5: 32000 | D5: 10000 | E5: 95000 | F5: 16000 | G5: 53000
A6: Май | B6: 23000 | C6: 39000 | D6: 46000 | E6: 97000 | F6: 97000 | G6: 21000
A7: Июнь | B7: 58000 | C7: 41000 | D7: 33000 | E7: 92000 | F7: 92000 | G7: 87000
A8: Июль | B8: 21000 | C8: 59000 | D8: 28000 | E8: 49000 | F8: 21000 | G8: 72000
A9: Август | B9: 16000 | C9: 11000 | D9: 14000 | E9: 91000 | F9: 45000 | G9: 44000
A10: Сентябрь | B10: 82000 | C10: 94000 | D10: 82000 | E10: 91000 | F10: 44000 | G10: 96000
A11: Октябрь | B11: 75000 | C11: 99000 | D11: 34000 | E11: 64000 | F11: 93000 | G11: 40000
A12: Ноябрь | B12: 59000 | C12: 69000 | D12: 94000 | E12: 36000 | F12: 56000 | G12: 29000
A13: Декабрь | B13: 91000 | C13: 13000 | D13: 84000 | E13: 51000 | F13: 25000 | G13: 99000

Sheet 4.4
A1: Показатель | B1: Январь | C1: Февраль | D1: Март | E1: Апрель | F1: Май | G1: Июнь | H1: Июль | I1: Август | J1: Сентябрь | K1: Октябрь | L1: Ноябрь | M1: Декабрь
A2: Количество, шт. | B2: 1000 | C2: 9000 | D2: 4000 | E2: 6000 | F2: 8000 | G2: 4000 | H2: 3000 | I2: 4000 | J2: 2000 | K2: 9000 | L2: 2000 | M2: 3000
A3: Нарастающий итог, шт. | B3: =SUM($B$2:B2) -> 1000 | C3: =SUM($B$2:C2) -> 10000 | D3: =SUM($B$2:D2) -> 14000 | E3: =SUM($B$2:E2) -> 20000 | F3: =SUM($B$2:F2) -> 28000 | G3: =SUM($B$2:G2) -> 32000 | H3: =SUM($B$2:H2) -> 35000 | I3: =SUM($B$2:I2) -> 39000 | ... M3: =SUM($B$2:M2) -> 55000
